"date","report_url","report_title","report_description"
7 July 2016,"http://www.uobgroup.com/assets/pdfs/research/FXP_160707.pdf",,"Portfolio wise, our short USD/THB recommendation triggered the stop loss at 35.23 overnight. The bearish USD/JPY seagull was marked in-the-money after the lower move in spot on Wed. We continue to hold this structure for a return below 100 yen."
5 July 2016,"http://www.uobgroup.com/assets/pdfs/research/FXP_160705.pdf",,"Portfolio wise, as highlighted yesterday, we look to sell
USD/THB on rallies, at 35.10. That level was triggered in
early Asia today and we look to target 34.84 with stop at 35.23"
4 July 2016,"http://www.uobgroup.com/assets/pdfs/research/FXP_160704.pdf",,"Today, our lookout for USD/THB has turned bearish (see
chart below), look to sell rallies at 35.10, to target 34.84 with
stop at 35.23."
1 July 2016,"http://www.uobgroup.com/assets/pdfs/research/FXP_160701.pdf",,"One week on from the Brexit outcome, most G10 currencies
are off the worst levels to the dollar and some have recouped
close to half the losses. GBP/USD remained over 10% lower
from pre-referendum’s 1.50 levels. Regionally, IDR and THB
not only pared all losses but managed small gains while MYR
and SGD trimmed losses to less than 1%"
30 June 2016,"http://www.uobgroup.com/assets/pdfs/research/FXP_160630.pdf",,"Lorem ipsum dolor sit amet, ea vel essent latine integre. Porro accusam urbanitas duo in, cum ei novum dolore adolescens, aeterno oportere argumentum mei ea. Vel offendit reformidans consectetuer id, ius dico ludus laoreet ad. Diam blandit splendide pri ad. Ne iusto eleifend vim, duis cotidieque his ne."
29 June 2016,"http://www.uobgroup.com/assets/pdfs/research/FXP_160629.pdf",,"Lorem ipsum dolor sit amet, ea vel essent latine integre. Porro accusam urbanitas duo in, cum ei novum dolore adolescens, aeterno oportere argumentum mei ea. Vel offendit reformidans consectetuer id, ius dico ludus laoreet ad. Diam blandit splendide pri ad. Ne iusto eleifend vim, duis cotidieque his ne."
28 June 2016,"http://www.uobgroup.com/assets/pdfs/research/FXP_160628.pdf",,"Lorem ipsum dolor sit amet, ea vel essent latine integre. Porro accusam urbanitas duo in, cum ei novum dolore adolescens, aeterno oportere argumentum mei ea. Vel offendit reformidans consectetuer id, ius dico ludus laoreet ad. Diam blandit splendide pri ad. Ne iusto eleifend vim, duis cotidieque his ne."
27 June 2016,"http://www.uobgroup.com/assets/pdfs/research/FXP_160627.pdf",,"Lorem ipsum dolor sit amet, ea vel essent latine integre. Porro accusam urbanitas duo in, cum ei novum dolore adolescens, aeterno oportere argumentum mei ea. Vel offendit reformidans consectetuer id, ius dico ludus laoreet ad. Diam blandit splendide pri ad. Ne iusto eleifend vim, duis cotidieque his ne."
23 June 2016,"http://www.uobgroup.com/assets/pdfs/research/FXP_160623.pdf",,"Lorem ipsum dolor sit amet, ea vel essent latine integre. Porro accusam urbanitas duo in, cum ei novum dolore adolescens, aeterno oportere argumentum mei ea. Vel offendit reformidans consectetuer id, ius dico ludus laoreet ad. Diam blandit splendide pri ad. Ne iusto eleifend vim, duis cotidieque his ne."
22 June 2016,"http://www.uobgroup.com/assets/pdfs/research/FXP_160622.pdf",,"Lorem ipsum dolor sit amet, ea vel essent latine integre. Porro accusam urbanitas duo in, cum ei novum dolore adolescens, aeterno oportere argumentum mei ea. Vel offendit reformidans consectetuer id, ius dico ludus laoreet ad. Diam blandit splendide pri ad. Ne iusto eleifend vim, duis cotidieque his ne."
21 June 2016,"http://www.uobgroup.com/assets/pdfs/research/FXP_160621.pdf",,"Lorem ipsum dolor sit amet, ea vel essent latine integre. Porro accusam urbanitas duo in, cum ei novum dolore adolescens, aeterno oportere argumentum mei ea. Vel offendit reformidans consectetuer id, ius dico ludus laoreet ad. Diam blandit splendide pri ad. Ne iusto eleifend vim, duis cotidieque his ne."
20 June 2016,"http://www.uobgroup.com/assets/pdfs/research/FXP_160620.pdf",,"Lorem ipsum dolor sit amet, ea vel essent latine integre. Porro accusam urbanitas duo in, cum ei novum dolore adolescens, aeterno oportere argumentum mei ea. Vel offendit reformidans consectetuer id, ius dico ludus laoreet ad. Diam blandit splendide pri ad. Ne iusto eleifend vim, duis cotidieque his ne."
17 June 2016,"http://www.uobgroup.com/assets/pdfs/research/FXP_160617.pdf",,"Lorem ipsum dolor sit amet, ea vel essent latine integre. Porro accusam urbanitas duo in, cum ei novum dolore adolescens, aeterno oportere argumentum mei ea. Vel offendit reformidans consectetuer id, ius dico ludus laoreet ad. Diam blandit splendide pri ad. Ne iusto eleifend vim, duis cotidieque his ne."
16 June 2016,"http://www.uobgroup.com/assets/pdfs/research/FXP_160616.pdf",,"Lorem ipsum dolor sit amet, ea vel essent latine integre. Porro accusam urbanitas duo in, cum ei novum dolore adolescens, aeterno oportere argumentum mei ea. Vel offendit reformidans consectetuer id, ius dico ludus laoreet ad. Diam blandit splendide pri ad. Ne iusto eleifend vim, duis cotidieque his ne."
14 June 2016,"http://www.uobgroup.com/assets/pdfs/research/FXP_160614.pdf",,"Lorem ipsum dolor sit amet, ea vel essent latine integre. Porro accusam urbanitas duo in, cum ei novum dolore adolescens, aeterno oportere argumentum mei ea. Vel offendit reformidans consectetuer id, ius dico ludus laoreet ad. Diam blandit splendide pri ad. Ne iusto eleifend vim, duis cotidieque his ne."
13 June 2016,"http://www.uobgroup.com/assets/pdfs/research/FXP_160613.pdf",,"Lorem ipsum dolor sit amet, ea vel essent latine integre. Porro accusam urbanitas duo in, cum ei novum dolore adolescens, aeterno oportere argumentum mei ea. Vel offendit reformidans consectetuer id, ius dico ludus laoreet ad. Diam blandit splendide pri ad. Ne iusto eleifend vim, duis cotidieque his ne."
10 June 2016,"http://www.uobgroup.com/assets/pdfs/research/FXP_160610.pdf",,"Lorem ipsum dolor sit amet, ea vel essent latine integre. Porro accusam urbanitas duo in, cum ei novum dolore adolescens, aeterno oportere argumentum mei ea. Vel offendit reformidans consectetuer id, ius dico ludus laoreet ad. Diam blandit splendide pri ad. Ne iusto eleifend vim, duis cotidieque his ne."
9 June 2016,"http://www.uobgroup.com/assets/pdfs/research/FXP_160609.pdf",,"Lorem ipsum dolor sit amet, ea vel essent latine integre. Porro accusam urbanitas duo in, cum ei novum dolore adolescens, aeterno oportere argumentum mei ea. Vel offendit reformidans consectetuer id, ius dico ludus laoreet ad. Diam blandit splendide pri ad. Ne iusto eleifend vim, duis cotidieque his ne."
7 June 2016,"http://www.uobgroup.com/assets/pdfs/research/FXP_160607.pdf",,"Lorem ipsum dolor sit amet, ea vel essent latine integre. Porro accusam urbanitas duo in, cum ei novum dolore adolescens, aeterno oportere argumentum mei ea. Vel offendit reformidans consectetuer id, ius dico ludus laoreet ad. Diam blandit splendide pri ad. Ne iusto eleifend vim, duis cotidieque his ne."
6 June 2016,"http://www.uobgroup.com/assets/pdfs/research/FXP_160606.pdf",,"Lorem ipsum dolor sit amet, ea vel essent latine integre. Porro accusam urbanitas duo in, cum ei novum dolore adolescens, aeterno oportere argumentum mei ea. Vel offendit reformidans consectetuer id, ius dico ludus laoreet ad. Diam blandit splendide pri ad. Ne iusto eleifend vim, duis cotidieque his ne."
19 May 2016,"http://www.uobgroup.com/assets/pdfs/research/FXP_160519.pdf",,"Lorem ipsum dolor sit amet, ea vel essent latine integre. Porro accusam urbanitas duo in, cum ei novum dolore adolescens, aeterno oportere argumentum mei ea. Vel offendit reformidans consectetuer id, ius dico ludus laoreet ad. Diam blandit splendide pri ad. Ne iusto eleifend vim, duis cotidieque his ne."
18 May 2016,"http://www.uobgroup.com/assets/pdfs/research/FXP_160518.pdf",,"Lorem ipsum dolor sit amet, ea vel essent latine integre. Porro accusam urbanitas duo in, cum ei novum dolore adolescens, aeterno oportere argumentum mei ea. Vel offendit reformidans consectetuer id, ius dico ludus laoreet ad. Diam blandit splendide pri ad. Ne iusto eleifend vim, duis cotidieque his ne."
17 May 2016,"http://www.uobgroup.com/assets/pdfs/research/FXP_160517.pdf",,"Lorem ipsum dolor sit amet, ea vel essent latine integre. Porro accusam urbanitas duo in, cum ei novum dolore adolescens, aeterno oportere argumentum mei ea. Vel offendit reformidans consectetuer id, ius dico ludus laoreet ad. Diam blandit splendide pri ad. Ne iusto eleifend vim, duis cotidieque his ne."
16 May 2016,"http://www.uobgroup.com/assets/pdfs/research/FXP_160516.pdf",,"Lorem ipsum dolor sit amet, ea vel essent latine integre. Porro accusam urbanitas duo in, cum ei novum dolore adolescens, aeterno oportere argumentum mei ea. Vel offendit reformidans consectetuer id, ius dico ludus laoreet ad. Diam blandit splendide pri ad. Ne iusto eleifend vim, duis cotidieque his ne."
12 May 2016,"http://www.uobgroup.com/assets/pdfs/research/FXP_160512.pdf",,"Lorem ipsum dolor sit amet, ea vel essent latine integre. Porro accusam urbanitas duo in, cum ei novum dolore adolescens, aeterno oportere argumentum mei ea. Vel offendit reformidans consectetuer id, ius dico ludus laoreet ad. Diam blandit splendide pri ad. Ne iusto eleifend vim, duis cotidieque his ne."
11 May 2016,"http://www.uobgroup.com/assets/pdfs/research/FXP_160511.pdf",,"Lorem ipsum dolor sit amet, ea vel essent latine integre. Porro accusam urbanitas duo in, cum ei novum dolore adolescens, aeterno oportere argumentum mei ea. Vel offendit reformidans consectetuer id, ius dico ludus laoreet ad. Diam blandit splendide pri ad. Ne iusto eleifend vim, duis cotidieque his ne."
10 May 2016,"http://www.uobgroup.com/assets/pdfs/research/FXP_160510.pdf",,"Lorem ipsum dolor sit amet, ea vel essent latine integre. Porro accusam urbanitas duo in, cum ei novum dolore adolescens, aeterno oportere argumentum mei ea. Vel offendit reformidans consectetuer id, ius dico ludus laoreet ad. Diam blandit splendide pri ad. Ne iusto eleifend vim, duis cotidieque his ne."
9 May 2016,"http://www.uobgroup.com/assets/pdfs/research/FXP_160509.pdf",,"Lorem ipsum dolor sit amet, ea vel essent latine integre. Porro accusam urbanitas duo in, cum ei novum dolore adolescens, aeterno oportere argumentum mei ea. Vel offendit reformidans consectetuer id, ius dico ludus laoreet ad. Diam blandit splendide pri ad. Ne iusto eleifend vim, duis cotidieque his ne."
6 May 2016,"http://www.uobgroup.com/assets/pdfs/research/FXP_160506.pdf",,"Lorem ipsum dolor sit amet, ea vel essent latine integre. Porro accusam urbanitas duo in, cum ei novum dolore adolescens, aeterno oportere argumentum mei ea. Vel offendit reformidans consectetuer id, ius dico ludus laoreet ad. Diam blandit splendide pri ad. Ne iusto eleifend vim, duis cotidieque his ne."
5 May 2016,"http://www.uobgroup.com/assets/pdfs/research/FXP_160505.pdf",,"Lorem ipsum dolor sit amet, ea vel essent latine integre. Porro accusam urbanitas duo in, cum ei novum dolore adolescens, aeterno oportere argumentum mei ea. Vel offendit reformidans consectetuer id, ius dico ludus laoreet ad. Diam blandit splendide pri ad. Ne iusto eleifend vim, duis cotidieque his ne."
3 May 2016,"http://www.uobgroup.com/assets/pdfs/research/FXP_160503.pdf",,"Lorem ipsum dolor sit amet, ea vel essent latine integre. Porro accusam urbanitas duo in, cum ei novum dolore adolescens, aeterno oportere argumentum mei ea. Vel offendit reformidans consectetuer id, ius dico ludus laoreet ad. Diam blandit splendide pri ad. Ne iusto eleifend vim, duis cotidieque his ne."
28 April 2016,"http://www.uobgroup.com/assets/pdfs/research/FXP_160428.pdf",,"Lorem ipsum dolor sit amet, ea vel essent latine integre. Porro accusam urbanitas duo in, cum ei novum dolore adolescens, aeterno oportere argumentum mei ea. Vel offendit reformidans consectetuer id, ius dico ludus laoreet ad. Diam blandit splendide pri ad. Ne iusto eleifend vim, duis cotidieque his ne."
27 April 2016,"http://www.uobgroup.com/assets/pdfs/research/FXP_160427.pdf",,"Lorem ipsum dolor sit amet, ea vel essent latine integre. Porro accusam urbanitas duo in, cum ei novum dolore adolescens, aeterno oportere argumentum mei ea. Vel offendit reformidans consectetuer id, ius dico ludus laoreet ad. Diam blandit splendide pri ad. Ne iusto eleifend vim, duis cotidieque his ne."
26 April 2016,"http://www.uobgroup.com/assets/pdfs/research/FXP_160426.pdf",,"Lorem ipsum dolor sit amet, ea vel essent latine integre. Porro accusam urbanitas duo in, cum ei novum dolore adolescens, aeterno oportere argumentum mei ea. Vel offendit reformidans consectetuer id, ius dico ludus laoreet ad. Diam blandit splendide pri ad. Ne iusto eleifend vim, duis cotidieque his ne."
22 April 2016,"http://www.uobgroup.com/assets/pdfs/research/FXP_160422.pdf",,"Lorem ipsum dolor sit amet, ea vel essent latine integre. Porro accusam urbanitas duo in, cum ei novum dolore adolescens, aeterno oportere argumentum mei ea. Vel offendit reformidans consectetuer id, ius dico ludus laoreet ad. Diam blandit splendide pri ad. Ne iusto eleifend vim, duis cotidieque his ne."
21 April 2016,"http://www.uobgroup.com/assets/pdfs/research/FXP_160421.pdf",,"Lorem ipsum dolor sit amet, ea vel essent latine integre. Porro accusam urbanitas duo in, cum ei novum dolore adolescens, aeterno oportere argumentum mei ea. Vel offendit reformidans consectetuer id, ius dico ludus laoreet ad. Diam blandit splendide pri ad. Ne iusto eleifend vim, duis cotidieque his ne."
20 April 2016,"http://www.uobgroup.com/assets/pdfs/research/FXP_160420.pdf",,"Lorem ipsum dolor sit amet, ea vel essent latine integre. Porro accusam urbanitas duo in, cum ei novum dolore adolescens, aeterno oportere argumentum mei ea. Vel offendit reformidans consectetuer id, ius dico ludus laoreet ad. Diam blandit splendide pri ad. Ne iusto eleifend vim, duis cotidieque his ne."
19 April 2016,"http://www.uobgroup.com/assets/pdfs/research/FXP_160419.pdf",,"Lorem ipsum dolor sit amet, ea vel essent latine integre. Porro accusam urbanitas duo in, cum ei novum dolore adolescens, aeterno oportere argumentum mei ea. Vel offendit reformidans consectetuer id, ius dico ludus laoreet ad. Diam blandit splendide pri ad. Ne iusto eleifend vim, duis cotidieque his ne."
18 April 2016,"http://www.uobgroup.com/assets/pdfs/research/FXP_160418.pdf",,"Lorem ipsum dolor sit amet, ea vel essent latine integre. Porro accusam urbanitas duo in, cum ei novum dolore adolescens, aeterno oportere argumentum mei ea. Vel offendit reformidans consectetuer id, ius dico ludus laoreet ad. Diam blandit splendide pri ad. Ne iusto eleifend vim, duis cotidieque his ne."
15 April 2016,"http://www.uobgroup.com/assets/pdfs/research/FXP_160415.pdf",,"Lorem ipsum dolor sit amet, ea vel essent latine integre. Porro accusam urbanitas duo in, cum ei novum dolore adolescens, aeterno oportere argumentum mei ea. Vel offendit reformidans consectetuer id, ius dico ludus laoreet ad. Diam blandit splendide pri ad. Ne iusto eleifend vim, duis cotidieque his ne."
14 April 2016,"http://www.uobgroup.com/assets/pdfs/research/FXP_160414.pdf",,"Lorem ipsum dolor sit amet, ea vel essent latine integre. Porro accusam urbanitas duo in, cum ei novum dolore adolescens, aeterno oportere argumentum mei ea. Vel offendit reformidans consectetuer id, ius dico ludus laoreet ad. Diam blandit splendide pri ad. Ne iusto eleifend vim, duis cotidieque his ne."
12 April 2016,"http://www.uobgroup.com/assets/pdfs/research/FXP_160412.pdf",,"Lorem ipsum dolor sit amet, ea vel essent latine integre. Porro accusam urbanitas duo in, cum ei novum dolore adolescens, aeterno oportere argumentum mei ea. Vel offendit reformidans consectetuer id, ius dico ludus laoreet ad. Diam blandit splendide pri ad. Ne iusto eleifend vim, duis cotidieque his ne."
11 April 2016,"http://www.uobgroup.com/assets/pdfs/research/FXP_160411.pdf",,"Lorem ipsum dolor sit amet, ea vel essent latine integre. Porro accusam urbanitas duo in, cum ei novum dolore adolescens, aeterno oportere argumentum mei ea. Vel offendit reformidans consectetuer id, ius dico ludus laoreet ad. Diam blandit splendide pri ad. Ne iusto eleifend vim, duis cotidieque his ne."
7 April 2016,"http://www.uobgroup.com/assets/pdfs/research/FXP_160407.pdf",,"Lorem ipsum dolor sit amet, ea vel essent latine integre. Porro accusam urbanitas duo in, cum ei novum dolore adolescens, aeterno oportere argumentum mei ea. Vel offendit reformidans consectetuer id, ius dico ludus laoreet ad. Diam blandit splendide pri ad. Ne iusto eleifend vim, duis cotidieque his ne."
6 April 2016,"http://www.uobgroup.com/assets/pdfs/research/FXP_160406.pdf",,"Lorem ipsum dolor sit amet, ea vel essent latine integre. Porro accusam urbanitas duo in, cum ei novum dolore adolescens, aeterno oportere argumentum mei ea. Vel offendit reformidans consectetuer id, ius dico ludus laoreet ad. Diam blandit splendide pri ad. Ne iusto eleifend vim, duis cotidieque his ne."
5 April 2016,"http://www.uobgroup.com/assets/pdfs/research/FXP_160405.pdf",,"Lorem ipsum dolor sit amet, ea vel essent latine integre. Porro accusam urbanitas duo in, cum ei novum dolore adolescens, aeterno oportere argumentum mei ea. Vel offendit reformidans consectetuer id, ius dico ludus laoreet ad. Diam blandit splendide pri ad. Ne iusto eleifend vim, duis cotidieque his ne."
4 April 2016,"http://www.uobgroup.com/assets/pdfs/research/FXP_160404.pdf",,"Lorem ipsum dolor sit amet, ea vel essent latine integre. Porro accusam urbanitas duo in, cum ei novum dolore adolescens, aeterno oportere argumentum mei ea. Vel offendit reformidans consectetuer id, ius dico ludus laoreet ad. Diam blandit splendide pri ad. Ne iusto eleifend vim, duis cotidieque his ne."
1 April 2016,"http://www.uobgroup.com/assets/pdfs/research/FXP_160401.pdf",,"Lorem ipsum dolor sit amet, ea vel essent latine integre. Porro accusam urbanitas duo in, cum ei novum dolore adolescens, aeterno oportere argumentum mei ea. Vel offendit reformidans consectetuer id, ius dico ludus laoreet ad. Diam blandit splendide pri ad. Ne iusto eleifend vim, duis cotidieque his ne."
31 March 2016,"http://www.uobgroup.com/assets/pdfs/research/FXP_160331.pdf",,"Lorem ipsum dolor sit amet, ea vel essent latine integre. Porro accusam urbanitas duo in, cum ei novum dolore adolescens, aeterno oportere argumentum mei ea. Vel offendit reformidans consectetuer id, ius dico ludus laoreet ad. Diam blandit splendide pri ad. Ne iusto eleifend vim, duis cotidieque his ne."
30 March 2016,"http://www.uobgroup.com/assets/pdfs/research/FXP_160330.pdf",,"Lorem ipsum dolor sit amet, ea vel essent latine integre. Porro accusam urbanitas duo in, cum ei novum dolore adolescens, aeterno oportere argumentum mei ea. Vel offendit reformidans consectetuer id, ius dico ludus laoreet ad. Diam blandit splendide pri ad. Ne iusto eleifend vim, duis cotidieque his ne."
29 March 2016,"http://www.uobgroup.com/assets/pdfs/research/FXP_160329.pdf",,"Lorem ipsum dolor sit amet, ea vel essent latine integre. Porro accusam urbanitas duo in, cum ei novum dolore adolescens, aeterno oportere argumentum mei ea. Vel offendit reformidans consectetuer id, ius dico ludus laoreet ad. Diam blandit splendide pri ad. Ne iusto eleifend vim, duis cotidieque his ne."
28 March 2016,"http://www.uobgroup.com/assets/pdfs/research/FXP_160328.pdf",,"Lorem ipsum dolor sit amet, ea vel essent latine integre. Porro accusam urbanitas duo in, cum ei novum dolore adolescens, aeterno oportere argumentum mei ea. Vel offendit reformidans consectetuer id, ius dico ludus laoreet ad. Diam blandit splendide pri ad. Ne iusto eleifend vim, duis cotidieque his ne."
24 March 2016,"http://www.uobgroup.com/assets/pdfs/research/FXP_160324.pdf",,"Lorem ipsum dolor sit amet, ea vel essent latine integre. Porro accusam urbanitas duo in, cum ei novum dolore adolescens, aeterno oportere argumentum mei ea. Vel offendit reformidans consectetuer id, ius dico ludus laoreet ad. Diam blandit splendide pri ad. Ne iusto eleifend vim, duis cotidieque his ne."
23 March 2016,"http://www.uobgroup.com/assets/pdfs/research/FXP_160323.pdf",,"Lorem ipsum dolor sit amet, ea vel essent latine integre. Porro accusam urbanitas duo in, cum ei novum dolore adolescens, aeterno oportere argumentum mei ea. Vel offendit reformidans consectetuer id, ius dico ludus laoreet ad. Diam blandit splendide pri ad. Ne iusto eleifend vim, duis cotidieque his ne."
22 March 2016,"http://www.uobgroup.com/assets/pdfs/research/FXP_160322.pdf",,"Lorem ipsum dolor sit amet, ea vel essent latine integre. Porro accusam urbanitas duo in, cum ei novum dolore adolescens, aeterno oportere argumentum mei ea. Vel offendit reformidans consectetuer id, ius dico ludus laoreet ad. Diam blandit splendide pri ad. Ne iusto eleifend vim, duis cotidieque his ne."
21 March 2016,"http://www.uobgroup.com/assets/pdfs/research/FXP_160321.pdf",,"Lorem ipsum dolor sit amet, ea vel essent latine integre. Porro accusam urbanitas duo in, cum ei novum dolore adolescens, aeterno oportere argumentum mei ea. Vel offendit reformidans consectetuer id, ius dico ludus laoreet ad. Diam blandit splendide pri ad. Ne iusto eleifend vim, duis cotidieque his ne."
17 March 2016,"http://www.uobgroup.com/assets/pdfs/research/FXP_160317.pdf",,"Lorem ipsum dolor sit amet, ea vel essent latine integre. Porro accusam urbanitas duo in, cum ei novum dolore adolescens, aeterno oportere argumentum mei ea. Vel offendit reformidans consectetuer id, ius dico ludus laoreet ad. Diam blandit splendide pri ad. Ne iusto eleifend vim, duis cotidieque his ne."
16 March 2016,"http://www.uobgroup.com/assets/pdfs/research/FXP_160316.pdf",,"Lorem ipsum dolor sit amet, ea vel essent latine integre. Porro accusam urbanitas duo in, cum ei novum dolore adolescens, aeterno oportere argumentum mei ea. Vel offendit reformidans consectetuer id, ius dico ludus laoreet ad. Diam blandit splendide pri ad. Ne iusto eleifend vim, duis cotidieque his ne."
15 March 2016,"http://www.uobgroup.com/assets/pdfs/research/FXP_160315.pdf",,"Lorem ipsum dolor sit amet, ea vel essent latine integre. Porro accusam urbanitas duo in, cum ei novum dolore adolescens, aeterno oportere argumentum mei ea. Vel offendit reformidans consectetuer id, ius dico ludus laoreet ad. Diam blandit splendide pri ad. Ne iusto eleifend vim, duis cotidieque his ne."
14 March 2016,"http://www.uobgroup.com/assets/pdfs/research/FXP_160314.pdf",,"Lorem ipsum dolor sit amet, ea vel essent latine integre. Porro accusam urbanitas duo in, cum ei novum dolore adolescens, aeterno oportere argumentum mei ea. Vel offendit reformidans consectetuer id, ius dico ludus laoreet ad. Diam blandit splendide pri ad. Ne iusto eleifend vim, duis cotidieque his ne."
11 March 2016,"http://www.uobgroup.com/assets/pdfs/research/FXP_160311.pdf",,"Lorem ipsum dolor sit amet, ea vel essent latine integre. Porro accusam urbanitas duo in, cum ei novum dolore adolescens, aeterno oportere argumentum mei ea. Vel offendit reformidans consectetuer id, ius dico ludus laoreet ad. Diam blandit splendide pri ad. Ne iusto eleifend vim, duis cotidieque his ne."
10 March 2016,"http://www.uobgroup.com/assets/pdfs/research/FXP_160310.pdf",,"Lorem ipsum dolor sit amet, ea vel essent latine integre. Porro accusam urbanitas duo in, cum ei novum dolore adolescens, aeterno oportere argumentum mei ea. Vel offendit reformidans consectetuer id, ius dico ludus laoreet ad. Diam blandit splendide pri ad. Ne iusto eleifend vim, duis cotidieque his ne."
9 March 2016,"http://www.uobgroup.com/assets/pdfs/research/FXP_160309.pdf",,"Lorem ipsum dolor sit amet, ea vel essent latine integre. Porro accusam urbanitas duo in, cum ei novum dolore adolescens, aeterno oportere argumentum mei ea. Vel offendit reformidans consectetuer id, ius dico ludus laoreet ad. Diam blandit splendide pri ad. Ne iusto eleifend vim, duis cotidieque his ne."
8 March 2016,"http://www.uobgroup.com/assets/pdfs/research/FXP_160308.pdf",,"Lorem ipsum dolor sit amet, ea vel essent latine integre. Porro accusam urbanitas duo in, cum ei novum dolore adolescens, aeterno oportere argumentum mei ea. Vel offendit reformidans consectetuer id, ius dico ludus laoreet ad. Diam blandit splendide pri ad. Ne iusto eleifend vim, duis cotidieque his ne."
7 March 2016,"http://www.uobgroup.com/assets/pdfs/research/FXP_160307.pdf",,"Lorem ipsum dolor sit amet, ea vel essent latine integre. Porro accusam urbanitas duo in, cum ei novum dolore adolescens, aeterno oportere argumentum mei ea. Vel offendit reformidans consectetuer id, ius dico ludus laoreet ad. Diam blandit splendide pri ad. Ne iusto eleifend vim, duis cotidieque his ne."
3 March 2016,"http://www.uobgroup.com/assets/pdfs/research/FXP_160303.pdf",,"Lorem ipsum dolor sit amet, ea vel essent latine integre. Porro accusam urbanitas duo in, cum ei novum dolore adolescens, aeterno oportere argumentum mei ea. Vel offendit reformidans consectetuer id, ius dico ludus laoreet ad. Diam blandit splendide pri ad. Ne iusto eleifend vim, duis cotidieque his ne."
2 March 2016,"http://www.uobgroup.com/assets/pdfs/research/FXP_160302.pdf",,"Lorem ipsum dolor sit amet, ea vel essent latine integre. Porro accusam urbanitas duo in, cum ei novum dolore adolescens, aeterno oportere argumentum mei ea. Vel offendit reformidans consectetuer id, ius dico ludus laoreet ad. Diam blandit splendide pri ad. Ne iusto eleifend vim, duis cotidieque his ne."
1 March 2016,"http://www.uobgroup.com/assets/pdfs/research/FXP_160301.pdf",,"Lorem ipsum dolor sit amet, ea vel essent latine integre. Porro accusam urbanitas duo in, cum ei novum dolore adolescens, aeterno oportere argumentum mei ea. Vel offendit reformidans consectetuer id, ius dico ludus laoreet ad. Diam blandit splendide pri ad. Ne iusto eleifend vim, duis cotidieque his ne."
29 February 2016,"http://www.uobgroup.com/assets/pdfs/research/FXP_160229.pdf",,"Lorem ipsum dolor sit amet, ea vel essent latine integre. Porro accusam urbanitas duo in, cum ei novum dolore adolescens, aeterno oportere argumentum mei ea. Vel offendit reformidans consectetuer id, ius dico ludus laoreet ad. Diam blandit splendide pri ad. Ne iusto eleifend vim, duis cotidieque his ne."
26 February 2016,"http://www.uobgroup.com/assets/pdfs/research/FXP_160226.pdf",,"Lorem ipsum dolor sit amet, ea vel essent latine integre. Porro accusam urbanitas duo in, cum ei novum dolore adolescens, aeterno oportere argumentum mei ea. Vel offendit reformidans consectetuer id, ius dico ludus laoreet ad. Diam blandit splendide pri ad. Ne iusto eleifend vim, duis cotidieque his ne."
25 February 2016,"http://www.uobgroup.com/assets/pdfs/research/FXP_160225.pdf",,"Lorem ipsum dolor sit amet, ea vel essent latine integre. Porro accusam urbanitas duo in, cum ei novum dolore adolescens, aeterno oportere argumentum mei ea. Vel offendit reformidans consectetuer id, ius dico ludus laoreet ad. Diam blandit splendide pri ad. Ne iusto eleifend vim, duis cotidieque his ne."
24 February 2016,"http://www.uobgroup.com/assets/pdfs/research/FXP_160224.pdf",,"Lorem ipsum dolor sit amet, ea vel essent latine integre. Porro accusam urbanitas duo in, cum ei novum dolore adolescens, aeterno oportere argumentum mei ea. Vel offendit reformidans consectetuer id, ius dico ludus laoreet ad. Diam blandit splendide pri ad. Ne iusto eleifend vim, duis cotidieque his ne."
23 February 2016,"http://www.uobgroup.com/assets/pdfs/research/FXP_160223.pdf",,"Lorem ipsum dolor sit amet, ea vel essent latine integre. Porro accusam urbanitas duo in, cum ei novum dolore adolescens, aeterno oportere argumentum mei ea. Vel offendit reformidans consectetuer id, ius dico ludus laoreet ad. Diam blandit splendide pri ad. Ne iusto eleifend vim, duis cotidieque his ne."
22 February 2016,"http://www.uobgroup.com/assets/pdfs/research/FXP_160222.pdf",,"Lorem ipsum dolor sit amet, ea vel essent latine integre. Porro accusam urbanitas duo in, cum ei novum dolore adolescens, aeterno oportere argumentum mei ea. Vel offendit reformidans consectetuer id, ius dico ludus laoreet ad. Diam blandit splendide pri ad. Ne iusto eleifend vim, duis cotidieque his ne."
19 February 2016,"http://www.uobgroup.com/assets/pdfs/research/FXP_160219.pdf",,"Lorem ipsum dolor sit amet, ea vel essent latine integre. Porro accusam urbanitas duo in, cum ei novum dolore adolescens, aeterno oportere argumentum mei ea. Vel offendit reformidans consectetuer id, ius dico ludus laoreet ad. Diam blandit splendide pri ad. Ne iusto eleifend vim, duis cotidieque his ne."
12 February 2016,"http://www.uobgroup.com/assets/pdfs/research/FXP_160212.pdf",,"Lorem ipsum dolor sit amet, ea vel essent latine integre. Porro accusam urbanitas duo in, cum ei novum dolore adolescens, aeterno oportere argumentum mei ea. Vel offendit reformidans consectetuer id, ius dico ludus laoreet ad. Diam blandit splendide pri ad. Ne iusto eleifend vim, duis cotidieque his ne."
11 February 2016,"http://www.uobgroup.com/assets/pdfs/research/FXP_160211.pdf",,"Lorem ipsum dolor sit amet, ea vel essent latine integre. Porro accusam urbanitas duo in, cum ei novum dolore adolescens, aeterno oportere argumentum mei ea. Vel offendit reformidans consectetuer id, ius dico ludus laoreet ad. Diam blandit splendide pri ad. Ne iusto eleifend vim, duis cotidieque his ne."
10 February 2016,"http://www.uobgroup.com/assets/pdfs/research/FXP_160210.pdf",,"Lorem ipsum dolor sit amet, ea vel essent latine integre. Porro accusam urbanitas duo in, cum ei novum dolore adolescens, aeterno oportere argumentum mei ea. Vel offendit reformidans consectetuer id, ius dico ludus laoreet ad. Diam blandit splendide pri ad. Ne iusto eleifend vim, duis cotidieque his ne."
5 February 2016,"http://www.uobgroup.com/assets/pdfs/research/FXP_160205.pdf",,"Lorem ipsum dolor sit amet, ea vel essent latine integre. Porro accusam urbanitas duo in, cum ei novum dolore adolescens, aeterno oportere argumentum mei ea. Vel offendit reformidans consectetuer id, ius dico ludus laoreet ad. Diam blandit splendide pri ad. Ne iusto eleifend vim, duis cotidieque his ne."
4 February 2016,"http://www.uobgroup.com/assets/pdfs/research/FXP_160204.pdf",,"Lorem ipsum dolor sit amet, ea vel essent latine integre. Porro accusam urbanitas duo in, cum ei novum dolore adolescens, aeterno oportere argumentum mei ea. Vel offendit reformidans consectetuer id, ius dico ludus laoreet ad. Diam blandit splendide pri ad. Ne iusto eleifend vim, duis cotidieque his ne."
3 February 2016,"http://www.uobgroup.com/assets/pdfs/research/FXP_160203.pdf",,"Lorem ipsum dolor sit amet, ea vel essent latine integre. Porro accusam urbanitas duo in, cum ei novum dolore adolescens, aeterno oportere argumentum mei ea. Vel offendit reformidans consectetuer id, ius dico ludus laoreet ad. Diam blandit splendide pri ad. Ne iusto eleifend vim, duis cotidieque his ne."
2 February 2016,"http://www.uobgroup.com/assets/pdfs/research/FXP_160202.pdf",,"Lorem ipsum dolor sit amet, ea vel essent latine integre. Porro accusam urbanitas duo in, cum ei novum dolore adolescens, aeterno oportere argumentum mei ea. Vel offendit reformidans consectetuer id, ius dico ludus laoreet ad. Diam blandit splendide pri ad. Ne iusto eleifend vim, duis cotidieque his ne."
1 February 2016,"http://www.uobgroup.com/assets/pdfs/research/FXP_160201.pdf",,"Lorem ipsum dolor sit amet, ea vel essent latine integre. Porro accusam urbanitas duo in, cum ei novum dolore adolescens, aeterno oportere argumentum mei ea. Vel offendit reformidans consectetuer id, ius dico ludus laoreet ad. Diam blandit splendide pri ad. Ne iusto eleifend vim, duis cotidieque his ne."
29 January 2016,"http://www.uobgroup.com/assets/pdfs/research/FXP_160129.pdf",,"Lorem ipsum dolor sit amet, ea vel essent latine integre. Porro accusam urbanitas duo in, cum ei novum dolore adolescens, aeterno oportere argumentum mei ea. Vel offendit reformidans consectetuer id, ius dico ludus laoreet ad. Diam blandit splendide pri ad. Ne iusto eleifend vim, duis cotidieque his ne."
28 January 2016,"http://www.uobgroup.com/assets/pdfs/research/FXP_160128.pdf",,"Lorem ipsum dolor sit amet, ea vel essent latine integre. Porro accusam urbanitas duo in, cum ei novum dolore adolescens, aeterno oportere argumentum mei ea. Vel offendit reformidans consectetuer id, ius dico ludus laoreet ad. Diam blandit splendide pri ad. Ne iusto eleifend vim, duis cotidieque his ne."
27 January 2016,"http://www.uobgroup.com/assets/pdfs/research/FXP_160127.pdf",,"Lorem ipsum dolor sit amet, ea vel essent latine integre. Porro accusam urbanitas duo in, cum ei novum dolore adolescens, aeterno oportere argumentum mei ea. Vel offendit reformidans consectetuer id, ius dico ludus laoreet ad. Diam blandit splendide pri ad. Ne iusto eleifend vim, duis cotidieque his ne."
26 January 2016,"http://www.uobgroup.com/assets/pdfs/research/FXP_160126.pdf",,"Lorem ipsum dolor sit amet, ea vel essent latine integre. Porro accusam urbanitas duo in, cum ei novum dolore adolescens, aeterno oportere argumentum mei ea. Vel offendit reformidans consectetuer id, ius dico ludus laoreet ad. Diam blandit splendide pri ad. Ne iusto eleifend vim, duis cotidieque his ne."
22 January 2016,"http://www.uobgroup.com/assets/pdfs/research/FXP_160122.pdf",,"Lorem ipsum dolor sit amet, ea vel essent latine integre. Porro accusam urbanitas duo in, cum ei novum dolore adolescens, aeterno oportere argumentum mei ea. Vel offendit reformidans consectetuer id, ius dico ludus laoreet ad. Diam blandit splendide pri ad. Ne iusto eleifend vim, duis cotidieque his ne."
21 January 2016,"http://www.uobgroup.com/assets/pdfs/research/FXP_160121.pdf",,"Lorem ipsum dolor sit amet, ea vel essent latine integre. Porro accusam urbanitas duo in, cum ei novum dolore adolescens, aeterno oportere argumentum mei ea. Vel offendit reformidans consectetuer id, ius dico ludus laoreet ad. Diam blandit splendide pri ad. Ne iusto eleifend vim, duis cotidieque his ne."
20 January 2016,"http://www.uobgroup.com/assets/pdfs/research/FXP_160120.pdf",,"Lorem ipsum dolor sit amet, ea vel essent latine integre. Porro accusam urbanitas duo in, cum ei novum dolore adolescens, aeterno oportere argumentum mei ea. Vel offendit reformidans consectetuer id, ius dico ludus laoreet ad. Diam blandit splendide pri ad. Ne iusto eleifend vim, duis cotidieque his ne."
19 January 2016,"http://www.uobgroup.com/assets/pdfs/research/FXP_160119.pdf",,"Lorem ipsum dolor sit amet, ea vel essent latine integre. Porro accusam urbanitas duo in, cum ei novum dolore adolescens, aeterno oportere argumentum mei ea. Vel offendit reformidans consectetuer id, ius dico ludus laoreet ad. Diam blandit splendide pri ad. Ne iusto eleifend vim, duis cotidieque his ne."
18 January 2016,"http://www.uobgroup.com/assets/pdfs/research/FXP_160118.pdf",,"Lorem ipsum dolor sit amet, ea vel essent latine integre. Porro accusam urbanitas duo in, cum ei novum dolore adolescens, aeterno oportere argumentum mei ea. Vel offendit reformidans consectetuer id, ius dico ludus laoreet ad. Diam blandit splendide pri ad. Ne iusto eleifend vim, duis cotidieque his ne."
15 January 2016,"http://www.uobgroup.com/assets/pdfs/research/FXP_160115.pdf",,"Lorem ipsum dolor sit amet, ea vel essent latine integre. Porro accusam urbanitas duo in, cum ei novum dolore adolescens, aeterno oportere argumentum mei ea. Vel offendit reformidans consectetuer id, ius dico ludus laoreet ad. Diam blandit splendide pri ad. Ne iusto eleifend vim, duis cotidieque his ne."
14 January 2016,"http://www.uobgroup.com/assets/pdfs/research/FXP_160114.pdf",,"Lorem ipsum dolor sit amet, ea vel essent latine integre. Porro accusam urbanitas duo in, cum ei novum dolore adolescens, aeterno oportere argumentum mei ea. Vel offendit reformidans consectetuer id, ius dico ludus laoreet ad. Diam blandit splendide pri ad. Ne iusto eleifend vim, duis cotidieque his ne."
13 January 2016,"http://www.uobgroup.com/assets/pdfs/research/FXP_160113.pdf",,"Lorem ipsum dolor sit amet, ea vel essent latine integre. Porro accusam urbanitas duo in, cum ei novum dolore adolescens, aeterno oportere argumentum mei ea. Vel offendit reformidans consectetuer id, ius dico ludus laoreet ad. Diam blandit splendide pri ad. Ne iusto eleifend vim, duis cotidieque his ne."
12 January 2016,"http://www.uobgroup.com/assets/pdfs/research/FXP_160112.pdf",,"Lorem ipsum dolor sit amet, ea vel essent latine integre. Porro accusam urbanitas duo in, cum ei novum dolore adolescens, aeterno oportere argumentum mei ea. Vel offendit reformidans consectetuer id, ius dico ludus laoreet ad. Diam blandit splendide pri ad. Ne iusto eleifend vim, duis cotidieque his ne."
11 January 2016,"http://www.uobgroup.com/assets/pdfs/research/FXP_160111.pdf",,"Lorem ipsum dolor sit amet, ea vel essent latine integre. Porro accusam urbanitas duo in, cum ei novum dolore adolescens, aeterno oportere argumentum mei ea. Vel offendit reformidans consectetuer id, ius dico ludus laoreet ad. Diam blandit splendide pri ad. Ne iusto eleifend vim, duis cotidieque his ne."
8 January 2016,"http://www.uobgroup.com/assets/pdfs/research/FXP_160108.pdf",,"Lorem ipsum dolor sit amet, ea vel essent latine integre. Porro accusam urbanitas duo in, cum ei novum dolore adolescens, aeterno oportere argumentum mei ea. Vel offendit reformidans consectetuer id, ius dico ludus laoreet ad. Diam blandit splendide pri ad. Ne iusto eleifend vim, duis cotidieque his ne."
7 January 2016,"http://www.uobgroup.com/assets/pdfs/research/FXP_160107.pdf",,"Lorem ipsum dolor sit amet, ea vel essent latine integre. Porro accusam urbanitas duo in, cum ei novum dolore adolescens, aeterno oportere argumentum mei ea. Vel offendit reformidans consectetuer id, ius dico ludus laoreet ad. Diam blandit splendide pri ad. Ne iusto eleifend vim, duis cotidieque his ne."
6 January 2016,"http://www.uobgroup.com/assets/pdfs/research/FXP_160106.pdf",,"Lorem ipsum dolor sit amet, ea vel essent latine integre. Porro accusam urbanitas duo in, cum ei novum dolore adolescens, aeterno oportere argumentum mei ea. Vel offendit reformidans consectetuer id, ius dico ludus laoreet ad. Diam blandit splendide pri ad. Ne iusto eleifend vim, duis cotidieque his ne."
5 January 2016,"http://www.uobgroup.com/assets/pdfs/research/FXP_160105.pdf",,"Lorem ipsum dolor sit amet, ea vel essent latine integre. Porro accusam urbanitas duo in, cum ei novum dolore adolescens, aeterno oportere argumentum mei ea. Vel offendit reformidans consectetuer id, ius dico ludus laoreet ad. Diam blandit splendide pri ad. Ne iusto eleifend vim, duis cotidieque his ne."
4 January 2016,"http://www.uobgroup.com/assets/pdfs/research/FXP_160104.pdf",,"Lorem ipsum dolor sit amet, ea vel essent latine integre. Porro accusam urbanitas duo in, cum ei novum dolore adolescens, aeterno oportere argumentum mei ea. Vel offendit reformidans consectetuer id, ius dico ludus laoreet ad. Diam blandit splendide pri ad. Ne iusto eleifend vim, duis cotidieque his ne."
10 December 2015,"http://www.uobgroup.com/assets/pdfs/research/FXP_151210.pdf",,"Lorem ipsum dolor sit amet, ea vel essent latine integre. Porro accusam urbanitas duo in, cum ei novum dolore adolescens, aeterno oportere argumentum mei ea. Vel offendit reformidans consectetuer id, ius dico ludus laoreet ad. Diam blandit splendide pri ad. Ne iusto eleifend vim, duis cotidieque his ne."
9 December 2015,"http://www.uobgroup.com/assets/pdfs/research/FXP_151209.pdf",,"Lorem ipsum dolor sit amet, ea vel essent latine integre. Porro accusam urbanitas duo in, cum ei novum dolore adolescens, aeterno oportere argumentum mei ea. Vel offendit reformidans consectetuer id, ius dico ludus laoreet ad. Diam blandit splendide pri ad. Ne iusto eleifend vim, duis cotidieque his ne."
8 December 2015,"http://www.uobgroup.com/assets/pdfs/research/FXP_151208.pdf",,"Lorem ipsum dolor sit amet, ea vel essent latine integre. Porro accusam urbanitas duo in, cum ei novum dolore adolescens, aeterno oportere argumentum mei ea. Vel offendit reformidans consectetuer id, ius dico ludus laoreet ad. Diam blandit splendide pri ad. Ne iusto eleifend vim, duis cotidieque his ne."
7 December 2015,"http://www.uobgroup.com/assets/pdfs/research/FXP_151207.pdf",,"Lorem ipsum dolor sit amet, ea vel essent latine integre. Porro accusam urbanitas duo in, cum ei novum dolore adolescens, aeterno oportere argumentum mei ea. Vel offendit reformidans consectetuer id, ius dico ludus laoreet ad. Diam blandit splendide pri ad. Ne iusto eleifend vim, duis cotidieque his ne."
25 November 2015,"http://www.uobgroup.com/assets/pdfs/research/FXP_151125.pdf",,"Lorem ipsum dolor sit amet, ea vel essent latine integre. Porro accusam urbanitas duo in, cum ei novum dolore adolescens, aeterno oportere argumentum mei ea. Vel offendit reformidans consectetuer id, ius dico ludus laoreet ad. Diam blandit splendide pri ad. Ne iusto eleifend vim, duis cotidieque his ne."
24 November 2015,"http://www.uobgroup.com/assets/pdfs/research/FXP_151124.pdf",,"Lorem ipsum dolor sit amet, ea vel essent latine integre. Porro accusam urbanitas duo in, cum ei novum dolore adolescens, aeterno oportere argumentum mei ea. Vel offendit reformidans consectetuer id, ius dico ludus laoreet ad. Diam blandit splendide pri ad. Ne iusto eleifend vim, duis cotidieque his ne."
23 November 2015,"http://www.uobgroup.com/assets/pdfs/research/FXP_151123.pdf",,"Lorem ipsum dolor sit amet, ea vel essent latine integre. Porro accusam urbanitas duo in, cum ei novum dolore adolescens, aeterno oportere argumentum mei ea. Vel offendit reformidans consectetuer id, ius dico ludus laoreet ad. Diam blandit splendide pri ad. Ne iusto eleifend vim, duis cotidieque his ne."
20 November 2015,"http://www.uobgroup.com/assets/pdfs/research/FXP_151120.pdf",,"Lorem ipsum dolor sit amet, ea vel essent latine integre. Porro accusam urbanitas duo in, cum ei novum dolore adolescens, aeterno oportere argumentum mei ea. Vel offendit reformidans consectetuer id, ius dico ludus laoreet ad. Diam blandit splendide pri ad. Ne iusto eleifend vim, duis cotidieque his ne."
18 November 2015,"http://www.uobgroup.com/assets/pdfs/research/FXP_151118.pdf",,"Lorem ipsum dolor sit amet, ea vel essent latine integre. Porro accusam urbanitas duo in, cum ei novum dolore adolescens, aeterno oportere argumentum mei ea. Vel offendit reformidans consectetuer id, ius dico ludus laoreet ad. Diam blandit splendide pri ad. Ne iusto eleifend vim, duis cotidieque his ne."
17 November 2015,"http://www.uobgroup.com/assets/pdfs/research/FXP_151117.pdf",,"Lorem ipsum dolor sit amet, ea vel essent latine integre. Porro accusam urbanitas duo in, cum ei novum dolore adolescens, aeterno oportere argumentum mei ea. Vel offendit reformidans consectetuer id, ius dico ludus laoreet ad. Diam blandit splendide pri ad. Ne iusto eleifend vim, duis cotidieque his ne."
16 November 2015,"http://www.uobgroup.com/assets/pdfs/research/FXP_151116.pdf",,"Lorem ipsum dolor sit amet, ea vel essent latine integre. Porro accusam urbanitas duo in, cum ei novum dolore adolescens, aeterno oportere argumentum mei ea. Vel offendit reformidans consectetuer id, ius dico ludus laoreet ad. Diam blandit splendide pri ad. Ne iusto eleifend vim, duis cotidieque his ne."
13 November 2015,"http://www.uobgroup.com/assets/pdfs/research/FXP_151113.pdf",,"Lorem ipsum dolor sit amet, ea vel essent latine integre. Porro accusam urbanitas duo in, cum ei novum dolore adolescens, aeterno oportere argumentum mei ea. Vel offendit reformidans consectetuer id, ius dico ludus laoreet ad. Diam blandit splendide pri ad. Ne iusto eleifend vim, duis cotidieque his ne."
10 November 2015,"http://www.uobgroup.com/assets/pdfs/research/FXP_151112.pdf",,"Lorem ipsum dolor sit amet, ea vel essent latine integre. Porro accusam urbanitas duo in, cum ei novum dolore adolescens, aeterno oportere argumentum mei ea. Vel offendit reformidans consectetuer id, ius dico ludus laoreet ad. Diam blandit splendide pri ad. Ne iusto eleifend vim, duis cotidieque his ne."
11 November 2015,"http://www.uobgroup.com/assets/pdfs/research/FXP_151111.pdf",,"Lorem ipsum dolor sit amet, ea vel essent latine integre. Porro accusam urbanitas duo in, cum ei novum dolore adolescens, aeterno oportere argumentum mei ea. Vel offendit reformidans consectetuer id, ius dico ludus laoreet ad. Diam blandit splendide pri ad. Ne iusto eleifend vim, duis cotidieque his ne."
9 November 2015,"http://www.uobgroup.com/assets/pdfs/research/FXP_151109.pdf",,"Lorem ipsum dolor sit amet, ea vel essent latine integre. Porro accusam urbanitas duo in, cum ei novum dolore adolescens, aeterno oportere argumentum mei ea. Vel offendit reformidans consectetuer id, ius dico ludus laoreet ad. Diam blandit splendide pri ad. Ne iusto eleifend vim, duis cotidieque his ne."
5 November 2015,"http://www.uobgroup.com/assets/pdfs/research/FXP_151105.pdf",,"Lorem ipsum dolor sit amet, ea vel essent latine integre. Porro accusam urbanitas duo in, cum ei novum dolore adolescens, aeterno oportere argumentum mei ea. Vel offendit reformidans consectetuer id, ius dico ludus laoreet ad. Diam blandit splendide pri ad. Ne iusto eleifend vim, duis cotidieque his ne."
29 October 2015,"http://www.uobgroup.com/assets/pdfs/research/FXP_151029.pdf",,"Lorem ipsum dolor sit amet, ea vel essent latine integre. Porro accusam urbanitas duo in, cum ei novum dolore adolescens, aeterno oportere argumentum mei ea. Vel offendit reformidans consectetuer id, ius dico ludus laoreet ad. Diam blandit splendide pri ad. Ne iusto eleifend vim, duis cotidieque his ne."
28 October 2015,"http://www.uobgroup.com/assets/pdfs/research/FXP_151028.pdf",,"Lorem ipsum dolor sit amet, ea vel essent latine integre. Porro accusam urbanitas duo in, cum ei novum dolore adolescens, aeterno oportere argumentum mei ea. Vel offendit reformidans consectetuer id, ius dico ludus laoreet ad. Diam blandit splendide pri ad. Ne iusto eleifend vim, duis cotidieque his ne."
27 October 2015,"http://www.uobgroup.com/assets/pdfs/research/FXP_151027.pdf",,"Lorem ipsum dolor sit amet, ea vel essent latine integre. Porro accusam urbanitas duo in, cum ei novum dolore adolescens, aeterno oportere argumentum mei ea. Vel offendit reformidans consectetuer id, ius dico ludus laoreet ad. Diam blandit splendide pri ad. Ne iusto eleifend vim, duis cotidieque his ne."
26 October 2015,"http://www.uobgroup.com/assets/pdfs/research/FXP_151026.pdf",,"Lorem ipsum dolor sit amet, ea vel essent latine integre. Porro accusam urbanitas duo in, cum ei novum dolore adolescens, aeterno oportere argumentum mei ea. Vel offendit reformidans consectetuer id, ius dico ludus laoreet ad. Diam blandit splendide pri ad. Ne iusto eleifend vim, duis cotidieque his ne."
23 October 2015,"http://www.uobgroup.com/assets/pdfs/research/FXP_151023.pdf",,"Lorem ipsum dolor sit amet, ea vel essent latine integre. Porro accusam urbanitas duo in, cum ei novum dolore adolescens, aeterno oportere argumentum mei ea. Vel offendit reformidans consectetuer id, ius dico ludus laoreet ad. Diam blandit splendide pri ad. Ne iusto eleifend vim, duis cotidieque his ne."
22 October 2015,"http://www.uobgroup.com/assets/pdfs/research/FXP_151022.pdf",,"Lorem ipsum dolor sit amet, ea vel essent latine integre. Porro accusam urbanitas duo in, cum ei novum dolore adolescens, aeterno oportere argumentum mei ea. Vel offendit reformidans consectetuer id, ius dico ludus laoreet ad. Diam blandit splendide pri ad. Ne iusto eleifend vim, duis cotidieque his ne."
21 October 2015,"http://www.uobgroup.com/assets/pdfs/research/FXP_151021.pdf",,"Lorem ipsum dolor sit amet, ea vel essent latine integre. Porro accusam urbanitas duo in, cum ei novum dolore adolescens, aeterno oportere argumentum mei ea. Vel offendit reformidans consectetuer id, ius dico ludus laoreet ad. Diam blandit splendide pri ad. Ne iusto eleifend vim, duis cotidieque his ne."
16 October 2015,"http://www.uobgroup.com/assets/pdfs/research/FXP_151016.pdf",,"Lorem ipsum dolor sit amet, ea vel essent latine integre. Porro accusam urbanitas duo in, cum ei novum dolore adolescens, aeterno oportere argumentum mei ea. Vel offendit reformidans consectetuer id, ius dico ludus laoreet ad. Diam blandit splendide pri ad. Ne iusto eleifend vim, duis cotidieque his ne."
15 October 2015,"http://www.uobgroup.com/assets/pdfs/research/FXP_151015.pdf",,"Lorem ipsum dolor sit amet, ea vel essent latine integre. Porro accusam urbanitas duo in, cum ei novum dolore adolescens, aeterno oportere argumentum mei ea. Vel offendit reformidans consectetuer id, ius dico ludus laoreet ad. Diam blandit splendide pri ad. Ne iusto eleifend vim, duis cotidieque his ne."
14 October 2015,"http://www.uobgroup.com/assets/pdfs/research/FXP_151014.pdf",,"Lorem ipsum dolor sit amet, ea vel essent latine integre. Porro accusam urbanitas duo in, cum ei novum dolore adolescens, aeterno oportere argumentum mei ea. Vel offendit reformidans consectetuer id, ius dico ludus laoreet ad. Diam blandit splendide pri ad. Ne iusto eleifend vim, duis cotidieque his ne."
13 October 2015,"http://www.uobgroup.com/assets/pdfs/research/FXP_151013.pdf",,"Lorem ipsum dolor sit amet, ea vel essent latine integre. Porro accusam urbanitas duo in, cum ei novum dolore adolescens, aeterno oportere argumentum mei ea. Vel offendit reformidans consectetuer id, ius dico ludus laoreet ad. Diam blandit splendide pri ad. Ne iusto eleifend vim, duis cotidieque his ne."
12 October 2015,"http://www.uobgroup.com/assets/pdfs/research/FXP_151012.pdf",,"Lorem ipsum dolor sit amet, ea vel essent latine integre. Porro accusam urbanitas duo in, cum ei novum dolore adolescens, aeterno oportere argumentum mei ea. Vel offendit reformidans consectetuer id, ius dico ludus laoreet ad. Diam blandit splendide pri ad. Ne iusto eleifend vim, duis cotidieque his ne."
9 October 2015,"http://www.uobgroup.com/assets/pdfs/research/FXP_151009.pdf",,"Lorem ipsum dolor sit amet, ea vel essent latine integre. Porro accusam urbanitas duo in, cum ei novum dolore adolescens, aeterno oportere argumentum mei ea. Vel offendit reformidans consectetuer id, ius dico ludus laoreet ad. Diam blandit splendide pri ad. Ne iusto eleifend vim, duis cotidieque his ne."
8 October 2015,"http://www.uobgroup.com/assets/pdfs/research/FXP_151008.pdf",,"Lorem ipsum dolor sit amet, ea vel essent latine integre. Porro accusam urbanitas duo in, cum ei novum dolore adolescens, aeterno oportere argumentum mei ea. Vel offendit reformidans consectetuer id, ius dico ludus laoreet ad. Diam blandit splendide pri ad. Ne iusto eleifend vim, duis cotidieque his ne."
7 October 2015,"http://www.uobgroup.com/assets/pdfs/research/FXP_151007.pdf",,"Lorem ipsum dolor sit amet, ea vel essent latine integre. Porro accusam urbanitas duo in, cum ei novum dolore adolescens, aeterno oportere argumentum mei ea. Vel offendit reformidans consectetuer id, ius dico ludus laoreet ad. Diam blandit splendide pri ad. Ne iusto eleifend vim, duis cotidieque his ne."
6 October 2015,"http://www.uobgroup.com/assets/pdfs/research/FXP_151006.pdf",,"Lorem ipsum dolor sit amet, ea vel essent latine integre. Porro accusam urbanitas duo in, cum ei novum dolore adolescens, aeterno oportere argumentum mei ea. Vel offendit reformidans consectetuer id, ius dico ludus laoreet ad. Diam blandit splendide pri ad. Ne iusto eleifend vim, duis cotidieque his ne."
5 October 2015,"http://www.uobgroup.com/assets/pdfs/research/FXP_151005.pdf",,"Lorem ipsum dolor sit amet, ea vel essent latine integre. Porro accusam urbanitas duo in, cum ei novum dolore adolescens, aeterno oportere argumentum mei ea. Vel offendit reformidans consectetuer id, ius dico ludus laoreet ad. Diam blandit splendide pri ad. Ne iusto eleifend vim, duis cotidieque his ne."
2 October 2015,"http://www.uobgroup.com/assets/pdfs/research/FXP_151002.pdf",,"Lorem ipsum dolor sit amet, ea vel essent latine integre. Porro accusam urbanitas duo in, cum ei novum dolore adolescens, aeterno oportere argumentum mei ea. Vel offendit reformidans consectetuer id, ius dico ludus laoreet ad. Diam blandit splendide pri ad. Ne iusto eleifend vim, duis cotidieque his ne."
1 October 2015,"http://www.uobgroup.com/assets/pdfs/research/FXP_151001.pdf",,"Lorem ipsum dolor sit amet, ea vel essent latine integre. Porro accusam urbanitas duo in, cum ei novum dolore adolescens, aeterno oportere argumentum mei ea. Vel offendit reformidans consectetuer id, ius dico ludus laoreet ad. Diam blandit splendide pri ad. Ne iusto eleifend vim, duis cotidieque his ne."
30 September 2015,"http://www.uobgroup.com/assets/pdfs/research/FXP_150930.pdf",,"Lorem ipsum dolor sit amet, ea vel essent latine integre. Porro accusam urbanitas duo in, cum ei novum dolore adolescens, aeterno oportere argumentum mei ea. Vel offendit reformidans consectetuer id, ius dico ludus laoreet ad. Diam blandit splendide pri ad. Ne iusto eleifend vim, duis cotidieque his ne."
29 September 2015,"http://www.uobgroup.com/assets/pdfs/research/FXP_150929.pdf",,"Lorem ipsum dolor sit amet, ea vel essent latine integre. Porro accusam urbanitas duo in, cum ei novum dolore adolescens, aeterno oportere argumentum mei ea. Vel offendit reformidans consectetuer id, ius dico ludus laoreet ad. Diam blandit splendide pri ad. Ne iusto eleifend vim, duis cotidieque his ne."
28 September 2015,"http://www.uobgroup.com/assets/pdfs/research/FXP_150928.pdf",,"Lorem ipsum dolor sit amet, ea vel essent latine integre. Porro accusam urbanitas duo in, cum ei novum dolore adolescens, aeterno oportere argumentum mei ea. Vel offendit reformidans consectetuer id, ius dico ludus laoreet ad. Diam blandit splendide pri ad. Ne iusto eleifend vim, duis cotidieque his ne."
25 September 2015,"http://www.uobgroup.com/assets/pdfs/research/FXP_150925.pdf",,"Lorem ipsum dolor sit amet, ea vel essent latine integre. Porro accusam urbanitas duo in, cum ei novum dolore adolescens, aeterno oportere argumentum mei ea. Vel offendit reformidans consectetuer id, ius dico ludus laoreet ad. Diam blandit splendide pri ad. Ne iusto eleifend vim, duis cotidieque his ne."
23 September 2015,"http://www.uobgroup.com/assets/pdfs/research/FXP_150923.pdf",,"Lorem ipsum dolor sit amet, ea vel essent latine integre. Porro accusam urbanitas duo in, cum ei novum dolore adolescens, aeterno oportere argumentum mei ea. Vel offendit reformidans consectetuer id, ius dico ludus laoreet ad. Diam blandit splendide pri ad. Ne iusto eleifend vim, duis cotidieque his ne."
22 September 2015,"http://www.uobgroup.com/assets/pdfs/research/FXP_150922.pdf",,"Lorem ipsum dolor sit amet, ea vel essent latine integre. Porro accusam urbanitas duo in, cum ei novum dolore adolescens, aeterno oportere argumentum mei ea. Vel offendit reformidans consectetuer id, ius dico ludus laoreet ad. Diam blandit splendide pri ad. Ne iusto eleifend vim, duis cotidieque his ne."
21 September 2015,"http://www.uobgroup.com/assets/pdfs/research/FXP_150921.pdf",,"Lorem ipsum dolor sit amet, ea vel essent latine integre. Porro accusam urbanitas duo in, cum ei novum dolore adolescens, aeterno oportere argumentum mei ea. Vel offendit reformidans consectetuer id, ius dico ludus laoreet ad. Diam blandit splendide pri ad. Ne iusto eleifend vim, duis cotidieque his ne."
18 September 2015,"http://www.uobgroup.com/assets/pdfs/research/FXP_150918.pdf",,"Lorem ipsum dolor sit amet, ea vel essent latine integre. Porro accusam urbanitas duo in, cum ei novum dolore adolescens, aeterno oportere argumentum mei ea. Vel offendit reformidans consectetuer id, ius dico ludus laoreet ad. Diam blandit splendide pri ad. Ne iusto eleifend vim, duis cotidieque his ne."
15 September 2015,"http://www.uobgroup.com/assets/pdfs/research/FXP_150917.pdf",,"Lorem ipsum dolor sit amet, ea vel essent latine integre. Porro accusam urbanitas duo in, cum ei novum dolore adolescens, aeterno oportere argumentum mei ea. Vel offendit reformidans consectetuer id, ius dico ludus laoreet ad. Diam blandit splendide pri ad. Ne iusto eleifend vim, duis cotidieque his ne."
16 September 2015,"http://www.uobgroup.com/assets/pdfs/research/FXP_150916.pdf",,"Lorem ipsum dolor sit amet, ea vel essent latine integre. Porro accusam urbanitas duo in, cum ei novum dolore adolescens, aeterno oportere argumentum mei ea. Vel offendit reformidans consectetuer id, ius dico ludus laoreet ad. Diam blandit splendide pri ad. Ne iusto eleifend vim, duis cotidieque his ne."
15 September 2015,"http://www.uobgroup.com/assets/pdfs/research/FXP_150915.pdf",,"Lorem ipsum dolor sit amet, ea vel essent latine integre. Porro accusam urbanitas duo in, cum ei novum dolore adolescens, aeterno oportere argumentum mei ea. Vel offendit reformidans consectetuer id, ius dico ludus laoreet ad. Diam blandit splendide pri ad. Ne iusto eleifend vim, duis cotidieque his ne."
14 September 2015,"http://www.uobgroup.com/assets/pdfs/research/FXP_150914.pdf",,"Lorem ipsum dolor sit amet, ea vel essent latine integre. Porro accusam urbanitas duo in, cum ei novum dolore adolescens, aeterno oportere argumentum mei ea. Vel offendit reformidans consectetuer id, ius dico ludus laoreet ad. Diam blandit splendide pri ad. Ne iusto eleifend vim, duis cotidieque his ne."
10 September 2015,"http://www.uobgroup.com/assets/pdfs/research/FXP_150910.pdf",,"Lorem ipsum dolor sit amet, ea vel essent latine integre. Porro accusam urbanitas duo in, cum ei novum dolore adolescens, aeterno oportere argumentum mei ea. Vel offendit reformidans consectetuer id, ius dico ludus laoreet ad. Diam blandit splendide pri ad. Ne iusto eleifend vim, duis cotidieque his ne."
9 September 2015,"http://www.uobgroup.com/assets/pdfs/research/FXP_150909.pdf",,"Lorem ipsum dolor sit amet, ea vel essent latine integre. Porro accusam urbanitas duo in, cum ei novum dolore adolescens, aeterno oportere argumentum mei ea. Vel offendit reformidans consectetuer id, ius dico ludus laoreet ad. Diam blandit splendide pri ad. Ne iusto eleifend vim, duis cotidieque his ne."
8 September 2015,"http://www.uobgroup.com/assets/pdfs/research/FXP_150908.pdf",,"Lorem ipsum dolor sit amet, ea vel essent latine integre. Porro accusam urbanitas duo in, cum ei novum dolore adolescens, aeterno oportere argumentum mei ea. Vel offendit reformidans consectetuer id, ius dico ludus laoreet ad. Diam blandit splendide pri ad. Ne iusto eleifend vim, duis cotidieque his ne."
7 September 2015,"http://www.uobgroup.com/assets/pdfs/research/FXP_150907.pdf",,"Lorem ipsum dolor sit amet, ea vel essent latine integre. Porro accusam urbanitas duo in, cum ei novum dolore adolescens, aeterno oportere argumentum mei ea. Vel offendit reformidans consectetuer id, ius dico ludus laoreet ad. Diam blandit splendide pri ad. Ne iusto eleifend vim, duis cotidieque his ne."
3 September 2015,"http://www.uobgroup.com/assets/pdfs/research/FXP_150903.pdf",,"Lorem ipsum dolor sit amet, ea vel essent latine integre. Porro accusam urbanitas duo in, cum ei novum dolore adolescens, aeterno oportere argumentum mei ea. Vel offendit reformidans consectetuer id, ius dico ludus laoreet ad. Diam blandit splendide pri ad. Ne iusto eleifend vim, duis cotidieque his ne."
2 September 2015,"http://www.uobgroup.com/assets/pdfs/research/FXP_150902.pdf",,"Lorem ipsum dolor sit amet, ea vel essent latine integre. Porro accusam urbanitas duo in, cum ei novum dolore adolescens, aeterno oportere argumentum mei ea. Vel offendit reformidans consectetuer id, ius dico ludus laoreet ad. Diam blandit splendide pri ad. Ne iusto eleifend vim, duis cotidieque his ne."
1 September 2015,"http://www.uobgroup.com/assets/pdfs/research/FXP_150901.pdf",,"Lorem ipsum dolor sit amet, ea vel essent latine integre. Porro accusam urbanitas duo in, cum ei novum dolore adolescens, aeterno oportere argumentum mei ea. Vel offendit reformidans consectetuer id, ius dico ludus laoreet ad. Diam blandit splendide pri ad. Ne iusto eleifend vim, duis cotidieque his ne."
31 August 2015,"http://www.uobgroup.com/assets/pdfs/research/FXP_150831.pdf",,"Lorem ipsum dolor sit amet, ea vel essent latine integre. Porro accusam urbanitas duo in, cum ei novum dolore adolescens, aeterno oportere argumentum mei ea. Vel offendit reformidans consectetuer id, ius dico ludus laoreet ad. Diam blandit splendide pri ad. Ne iusto eleifend vim, duis cotidieque his ne."
28 August 2015,"http://www.uobgroup.com/assets/pdfs/research/FXP_150828.pdf",,"Lorem ipsum dolor sit amet, ea vel essent latine integre. Porro accusam urbanitas duo in, cum ei novum dolore adolescens, aeterno oportere argumentum mei ea. Vel offendit reformidans consectetuer id, ius dico ludus laoreet ad. Diam blandit splendide pri ad. Ne iusto eleifend vim, duis cotidieque his ne."
27 August 2015,"http://www.uobgroup.com/assets/pdfs/research/FXP_150827.pdf",,"Lorem ipsum dolor sit amet, ea vel essent latine integre. Porro accusam urbanitas duo in, cum ei novum dolore adolescens, aeterno oportere argumentum mei ea. Vel offendit reformidans consectetuer id, ius dico ludus laoreet ad. Diam blandit splendide pri ad. Ne iusto eleifend vim, duis cotidieque his ne."
26 August 2015,"http://www.uobgroup.com/assets/pdfs/research/FXP_150826.pdf",,"Lorem ipsum dolor sit amet, ea vel essent latine integre. Porro accusam urbanitas duo in, cum ei novum dolore adolescens, aeterno oportere argumentum mei ea. Vel offendit reformidans consectetuer id, ius dico ludus laoreet ad. Diam blandit splendide pri ad. Ne iusto eleifend vim, duis cotidieque his ne."
25 August 2015,"http://www.uobgroup.com/assets/pdfs/research/FXP_150825.pdf",,"Lorem ipsum dolor sit amet, ea vel essent latine integre. Porro accusam urbanitas duo in, cum ei novum dolore adolescens, aeterno oportere argumentum mei ea. Vel offendit reformidans consectetuer id, ius dico ludus laoreet ad. Diam blandit splendide pri ad. Ne iusto eleifend vim, duis cotidieque his ne."
24 August 2015,"http://www.uobgroup.com/assets/pdfs/research/FXP_150824.pdf",,"Lorem ipsum dolor sit amet, ea vel essent latine integre. Porro accusam urbanitas duo in, cum ei novum dolore adolescens, aeterno oportere argumentum mei ea. Vel offendit reformidans consectetuer id, ius dico ludus laoreet ad. Diam blandit splendide pri ad. Ne iusto eleifend vim, duis cotidieque his ne."
21 August 2015,"http://www.uobgroup.com/assets/pdfs/research/FXP_150821.pdf",,"Lorem ipsum dolor sit amet, ea vel essent latine integre. Porro accusam urbanitas duo in, cum ei novum dolore adolescens, aeterno oportere argumentum mei ea. Vel offendit reformidans consectetuer id, ius dico ludus laoreet ad. Diam blandit splendide pri ad. Ne iusto eleifend vim, duis cotidieque his ne."
20 August 2015,"http://www.uobgroup.com/assets/pdfs/research/FXP_150820.pdf",,"Lorem ipsum dolor sit amet, ea vel essent latine integre. Porro accusam urbanitas duo in, cum ei novum dolore adolescens, aeterno oportere argumentum mei ea. Vel offendit reformidans consectetuer id, ius dico ludus laoreet ad. Diam blandit splendide pri ad. Ne iusto eleifend vim, duis cotidieque his ne."
19 August 2015,"http://www.uobgroup.com/assets/pdfs/research/FXP_150819.pdf",,"Lorem ipsum dolor sit amet, ea vel essent latine integre. Porro accusam urbanitas duo in, cum ei novum dolore adolescens, aeterno oportere argumentum mei ea. Vel offendit reformidans consectetuer id, ius dico ludus laoreet ad. Diam blandit splendide pri ad. Ne iusto eleifend vim, duis cotidieque his ne."
18 August 2015,"http://www.uobgroup.com/assets/pdfs/research/FXP_150818.pdf",,"Lorem ipsum dolor sit amet, ea vel essent latine integre. Porro accusam urbanitas duo in, cum ei novum dolore adolescens, aeterno oportere argumentum mei ea. Vel offendit reformidans consectetuer id, ius dico ludus laoreet ad. Diam blandit splendide pri ad. Ne iusto eleifend vim, duis cotidieque his ne."
17 August 2015,"http://www.uobgroup.com/assets/pdfs/research/FXP_150817.pdf",,"Lorem ipsum dolor sit amet, ea vel essent latine integre. Porro accusam urbanitas duo in, cum ei novum dolore adolescens, aeterno oportere argumentum mei ea. Vel offendit reformidans consectetuer id, ius dico ludus laoreet ad. Diam blandit splendide pri ad. Ne iusto eleifend vim, duis cotidieque his ne."
14 August 2015,"http://www.uobgroup.com/assets/pdfs/research/FXP_150814.pdf",,"Lorem ipsum dolor sit amet, ea vel essent latine integre. Porro accusam urbanitas duo in, cum ei novum dolore adolescens, aeterno oportere argumentum mei ea. Vel offendit reformidans consectetuer id, ius dico ludus laoreet ad. Diam blandit splendide pri ad. Ne iusto eleifend vim, duis cotidieque his ne."
13 August 2015,"http://www.uobgroup.com/assets/pdfs/research/FXP_150813.pdf",,"Lorem ipsum dolor sit amet, ea vel essent latine integre. Porro accusam urbanitas duo in, cum ei novum dolore adolescens, aeterno oportere argumentum mei ea. Vel offendit reformidans consectetuer id, ius dico ludus laoreet ad. Diam blandit splendide pri ad. Ne iusto eleifend vim, duis cotidieque his ne."
12 August 2015,"http://www.uobgroup.com/assets/pdfs/research/FXP_150812.pdf",,"Lorem ipsum dolor sit amet, ea vel essent latine integre. Porro accusam urbanitas duo in, cum ei novum dolore adolescens, aeterno oportere argumentum mei ea. Vel offendit reformidans consectetuer id, ius dico ludus laoreet ad. Diam blandit splendide pri ad. Ne iusto eleifend vim, duis cotidieque his ne."
11 August 2015,"http://www.uobgroup.com/assets/pdfs/research/FXP_150811.pdf",,"Lorem ipsum dolor sit amet, ea vel essent latine integre. Porro accusam urbanitas duo in, cum ei novum dolore adolescens, aeterno oportere argumentum mei ea. Vel offendit reformidans consectetuer id, ius dico ludus laoreet ad. Diam blandit splendide pri ad. Ne iusto eleifend vim, duis cotidieque his ne."
